{"cameraMode":{"drawMode":0,"name":"Shaded","section":"Shading Mode"},"sceneLighting":false,"audioPlay":false,"sceneViewState":{"m_AlwaysRefresh":false,"showFog":true,"showSkybox":false,"showFlares":true,"showImageEffects":true,"showParticleSystems":true,"showVisualEffectGraphs":true,"m_FxEnabled":true},"in2DMode":false,"pivot":{"x":3.907144069671631,"y":1.9134302139282227,"z":2.0613999366760256},"rotation":{"x":0.06626769155263901,"y":0.7254109978675842,"z":-0.07012349367141724,"w":0.6818981766700745},"size":0.3190705478191376,"orthographic":false}