{"cameraMode":{"drawMode":0,"name":"Shaded","section":"Shading Mode"},"sceneLighting":false,"audioPlay":false,"sceneViewState":{"m_AlwaysRefresh":false,"showFog":true,"showSkybox":false,"showFlares":true,"showImageEffects":true,"showParticleSystems":true,"showVisualEffectGraphs":true,"m_FxEnabled":true},"in2DMode":false,"pivot":{"x":16.543811798095704,"y":12.350000381469727,"z":11.197677612304688},"rotation":{"x":0.04488077387213707,"y":0.9539671540260315,"z":-0.23646266758441926,"w":0.18037593364715577},"size":0.8461499810218811,"orthographic":false}