{"cameraMode":{"drawMode":0,"name":"Shaded","section":"Shading Mode"},"sceneLighting":false,"audioPlay":false,"sceneViewState":{"m_AlwaysRefresh":false,"showFog":true,"showSkybox":false,"showFlares":true,"showImageEffects":true,"showParticleSystems":true,"showVisualEffectGraphs":true,"m_FxEnabled":true},"in2DMode":false,"pivot":{"x":16.650699615478517,"y":12.342823028564454,"z":11.248710632324219},"rotation":{"x":0.05472944304347038,"y":0.9455126523971558,"z":-0.23677058517932893,"w":0.21787111461162568},"size":0.8461499810218811,"orthographic":false}