{"cameraMode":{"drawMode":0,"name":"Shaded","section":"Shading Mode"},"sceneLighting":false,"audioPlay":false,"sceneViewState":{"m_AlwaysRefresh":false,"showFog":true,"showSkybox":false,"showFlares":true,"showImageEffects":true,"showParticleSystems":true,"showVisualEffectGraphs":true,"m_FxEnabled":true},"in2DMode":false,"pivot":{"x":16.449432373046876,"y":12.228703498840332,"z":12.237143516540528},"rotation":{"x":-0.03794402256608009,"y":-0.9571362137794495,"z":0.14519552886486054,"w":-0.24856619536876679},"size":1.2852274179458619,"orthographic":false}