{"cameraMode":{"drawMode":0,"name":"Shaded","section":"Shading Mode"},"sceneLighting":false,"audioPlay":false,"sceneViewState":{"m_AlwaysRefresh":false,"showFog":true,"showSkybox":false,"showFlares":true,"showImageEffects":true,"showParticleSystems":true,"showVisualEffectGraphs":true,"m_FxEnabled":true},"in2DMode":false,"pivot":{"x":15.975496292114258,"y":12.323543548583985,"z":12.006357192993164},"rotation":{"x":-0.01946294866502285,"y":-0.9808480739593506,"z":0.12960530817508698,"w":-0.14552195370197297},"size":1.9451346397399903,"orthographic":false}