{"cameraMode":{"drawMode":0,"name":"Shaded","section":"Shading Mode"},"sceneLighting":false,"audioPlay":false,"sceneViewState":{"m_AlwaysRefresh":false,"showFog":true,"showSkybox":false,"showFlares":true,"showImageEffects":true,"showParticleSystems":true,"showVisualEffectGraphs":true,"m_FxEnabled":true},"in2DMode":false,"pivot":{"x":16.543811798095704,"y":12.350000381469727,"z":11.197677612304688},"rotation":{"x":0.01473274640738964,"y":0.9611205458641052,"z":-0.051323261111974719,"w":0.27190402150154116},"size":1.404139518737793,"orthographic":false}